
{
    "name" : "",
    "phase" : [
        {
            "name" : "Example Phase",
            "comicname" : "sample comic",
            "comicsource" : "comic 2",
            "page"        : [
                0,
                0,
                2,
                4
            ],
            "character"   : [
                "Character 1",
                "Character 2",
                "Character 3",
                "Character 1"
            ],
            "message"     : [
                "hello man",
                "im not man",
                "wait what ?",
                "what ?"
            ],
            "camx"        : [
                -2.94507765769959,
                -0.307339429855347,
                2.4333667755127,
                0.700696706771851
            ],
            "camy"        : [
                2.47499012947083,
                1.94851636886597,
                0.0,
                -3.6668336391449
            ],
            "zoom"        : [
                0.600000143051147,
                2.10000014305115,
                2.10000014305115,
                0.600000143051147
            ],
            "shake"       : [
                0.0,
                5.0,
                0.0,
                2.0
            ],
            "baloonx"     : [
                0.0,
                -0.501764833927155,
                0.0,
                0.0
            ],
            "baloony"     : [
                0.0,
                0.775435924530029,
                0.0,
                0.0
            ],
            "baloonsize"  : [
                0.0,
                0.120000019669533,
                0.0,
                0.0
            ],
            "fademode"    : [
                "none",
                "none",
                "transition",
                "color"
            ],
            "background"  : [
                "#000000",
                "#000000",
                "#000000",
                "#000000"
            ],
            "duration"    : [
                1.0,
                2.0,
                1.0,
                1.0
            ]
        }
    ]
}